frame_id,timestamp,state,pose_valid,tracking_valid,map_points,keyframes,submap_id,topology_revision,geometry_revision
0,0,1,1,1,354,1,0,355,0
1,0.1,1,1,1,354,1,0,355,0
2,0.2,1,1,1,770,2,0,1257,0
3,0.3,1,1,1,770,2,0,1257,0
4,0.4,1,1,1,1098,3,0,1951,1
5,0.5,1,1,1,1098,3,0,1951,1
6,0.6,1,1,1,1409,4,0,2611,2
7,0.7,1,1,1,1409,4,0,2611,2
8,0.8,1,1,1,1754,5,0,3335,3
9,0.9,1,1,1,1754,5,0,3335,3
10,1,1,1,1,2111,6,0,4089,4
11,1.1,1,1,1,2111,6,0,4089,4
12,1.2,1,1,1,2550,7,0,4997,5
13,1.3,1,1,1,2550,7,0,4997,5
14,1.4,1,1,1,2978,8,0,5899,6
15,1.5,1,1,1,2978,8,0,5899,6
16,1.6,1,1,1,3371,9,0,6736,7
17,1.7,1,1,1,3371,9,0,6736,7
18,1.8,1,1,1,3798,10,0,7650,8
19,1.9,1,1,1,4109,11,0,8317,9
20,2,1,1,1,4472,12,0,9101,10
21,2.1,1,1,1,4472,12,0,9101,10
22,2.2,1,1,1,4841,13,0,9897,11
23,2.3,1,1,1,5209,14,0,10702,12
24,2.4,1,1,1,5570,15,0,11485,13
25,2.5,1,1,1,5897,16,0,12191,14
26,2.6,1,1,1,6205,17,0,12876,15
27,2.7,1,1,1,6533,18,0,13594,16
28,2.8,1,1,1,6931,19,0,14476,17
29,2.9,1,1,1,2766,20,0,15250,18
30,3,1,1,1,3127,21,0,16050,19
31,3.1,1,1,1,3512,22,0,16887,20
32,3.2,1,1,1,3858,23,0,17661,21
33,3.3,1,1,1,4196,24,0,18424,22
34,3.4,1,1,1,4508,25,0,19121,23
35,3.5,1,1,1,4854,26,0,19874,24
36,3.6,1,1,1,5227,27,0,20730,25
37,3.7,1,1,1,5575,28,0,21518,26
38,3.8,1,1,1,5963,29,0,22378,27
39,3.9,1,1,1,6341,30,0,23211,28
40,4,1,1,1,6795,31,0,24201,29
41,4.1,1,1,1,7260,32,0,25223,30
42,4.2,1,1,1,7681,33,0,26132,31
43,4.3,1,1,1,8079,34,0,27006,32
44,4.4,1,1,1,8447,35,0,27821,33
45,4.5,1,1,1,8808,36,0,28620,34
46,4.6,1,1,1,9175,37,0,29435,35
47,4.7,1,1,1,9598,38,0,30360,36
48,4.8,1,1,1,9994,39,0,31227,37
49,4.9,1,1,1,6290,40,0,32095,38
50,5,1,1,1,6671,41,0,32928,39
51,5.1,1,1,1,7053,42,0,33779,40
52,5.2,1,1,1,7457,43,0,34689,41
53,5.3,1,1,1,7834,44,0,35517,42
54,5.4,1,1,1,8270,45,0,36506,43
55,5.5,1,1,1,8670,46,0,37367,44
56,5.6,1,1,1,9080,47,0,38278,45
57,5.7,1,1,1,9504,48,0,39219,46
58,5.8,1,1,1,9922,49,0,40144,47
59,5.9,1,1,1,10289,50,0,40970,48
60,6,1,1,1,10630,51,0,41767,49
61,6.1,1,1,1,11024,52,0,42668,50
62,6.2,1,1,1,11412,53,0,43563,51
63,6.3,1,1,1,11743,54,0,44337,52
64,6.4,1,1,1,12113,55,0,45189,53
65,6.5,1,1,1,12473,56,0,46023,54
66,6.6,1,1,1,12871,57,0,46901,55
67,6.7,1,1,1,13260,58,0,47790,56
68,6.8,1,1,1,13618,59,0,48597,57
69,6.9,1,1,1,10002,60,0,49426,58
70,7,1,1,1,10295,61,0,50111,59
71,7.1,1,1,1,10295,61,0,50111,59
72,7.2,1,1,1,10591,62,0,50787,60
73,7.3,1,1,1,10591,62,0,50787,60
74,7.4,1,1,1,11013,63,0,51707,61
75,7.5,1,1,1,11013,63,0,51707,61
76,7.6,1,1,1,11428,64,0,52616,62
77,7.7,1,1,1,11428,64,0,52616,62
78,7.8,1,1,1,11863,65,0,53555,63
79,7.9,1,1,1,11863,65,0,53555,63
80,8,1,1,1,12284,66,0,54453,64
81,8.1,1,1,1,12284,66,0,54453,64
82,8.2,1,1,1,12660,67,0,55280,65
83,8.3,1,1,1,12660,67,0,55280,65
84,8.4,1,1,1,13054,68,0,56144,66
85,8.5,1,1,1,13054,68,0,56144,66
86,8.6,1,1,1,13416,69,0,56948,67
87,8.7,1,1,1,13416,69,0,56948,67
88,8.8,1,1,1,13744,70,0,57657,68
89,8.9,1,1,1,13744,70,0,57657,68
90,9,1,1,1,14131,71,0,58521,69
91,9.1,1,1,1,14131,71,0,58521,69
92,9.2,1,1,1,14487,72,0,59310,70
93,9.3,1,1,1,14487,72,0,59310,70
94,9.4,1,1,1,14919,73,0,60225,71
95,9.5,1,1,1,14919,73,0,60225,71
96,9.6,1,1,1,15385,74,0,61194,72
97,9.7,1,1,1,15385,74,0,61194,72
98,9.8,1,1,1,15855,75,0,62195,73
99,9.9,1,1,1,15855,75,0,62195,73
100,10,1,1,1,16356,76,0,63255,74
101,10.1,1,1,1,16356,76,0,63255,74
102,10.2,1,1,1,16356,76,0,63255,74
103,10.3,1,1,1,16765,77,0,64095,75
104,10.4,1,1,1,16765,77,0,64095,75
105,10.5,1,1,1,16765,77,0,64095,75
106,10.6,1,1,1,17337,78,0,65249,76
107,10.7,1,1,1,17337,78,0,65249,76
108,10.8,1,1,1,17337,78,0,65249,76
109,10.9,1,1,1,17804,79,0,66186,77
110,11,1,1,1,17804,79,0,66186,77
111,11.1,1,1,1,17804,79,0,66186,77
112,11.2,1,1,1,13296,80,0,67037,78
113,11.3,1,1,1,13296,80,0,67037,78
114,11.4,1,1,1,13296,80,0,67037,78
115,11.5,1,1,1,13673,81,0,67848,79
116,11.6,1,1,1,13673,81,0,67848,79
117,11.7,1,1,1,13673,81,0,67848,79
118,11.8,1,1,1,14008,82,0,68601,80
119,11.9,1,1,1,14008,82,0,68601,80
120,12,1,1,1,14008,82,0,68601,80
121,12.1,1,1,1,14330,83,0,69341,81
122,12.2,1,1,1,14330,83,0,69341,81
123,12.3,1,1,1,14330,83,0,69341,81
124,12.4,1,1,1,14541,84,0,69843,82
125,12.5,1,1,1,14541,84,0,69843,82
126,12.6,1,1,1,14541,84,0,69843,82
127,12.7,1,1,1,14755,85,0,70360,83
128,12.8,1,1,1,14755,85,0,70360,83
129,12.9,1,1,1,14755,85,0,70360,83
130,13,1,1,1,15012,86,0,70956,84
131,13.1,1,1,1,15012,86,0,70956,84
132,13.2,1,1,1,15296,87,0,71626,85
133,13.3,1,1,1,15296,87,0,71626,85
134,13.4,1,1,1,15638,88,0,72394,86
135,13.5,1,1,1,15638,88,0,72394,86
136,13.6,1,1,1,15894,89,0,72980,87
137,13.7,1,1,1,15894,89,0,72980,87
138,13.8,1,1,1,16189,90,0,73654,88
139,13.9,1,1,1,16189,90,0,73654,88
140,14,1,1,1,16432,91,0,74200,89
141,14.1,1,1,1,16432,91,0,74200,89
142,14.2,1,1,1,16770,92,0,74946,90
143,14.3,1,1,1,16770,92,0,74946,90
144,14.4,1,1,1,17135,93,0,75737,91
145,14.5,1,1,1,17135,93,0,75737,91
146,14.6,1,1,1,17526,94,0,76631,92
147,14.7,1,1,1,17526,94,0,76631,92
148,14.8,1,1,1,17906,95,0,77447,93
149,14.9,1,1,1,17906,95,0,77447,93
150,15,1,1,1,18282,96,0,78285,94
151,15.1,1,1,1,18282,96,0,78285,94
152,15.2,1,1,1,18653,97,0,79127,95
153,15.3,1,1,1,18653,97,0,79127,95
154,15.4,1,1,1,19056,98,0,80024,96
155,15.5,1,1,1,19056,98,0,80024,96
156,15.6,1,1,1,19462,99,0,80908,97
157,15.7,1,1,1,19462,99,0,80908,97
158,15.8,1,1,1,16308,100,0,82063,98
159,15.9,1,1,1,16308,100,0,82063,98
160,16,1,1,1,16771,101,0,83058,99
161,16.1,1,1,1,16771,101,0,83058,99
162,16.2,1,1,1,17254,102,0,84083,100
163,16.3,1,1,1,17254,102,0,84083,100
164,16.4,1,1,1,17747,103,0,85120,101
165,16.5,1,1,1,17747,103,0,85120,101
166,16.6,1,1,1,18221,104,0,86119,102
167,16.7,1,1,1,18221,104,0,86119,102
168,16.8,1,1,1,18677,105,0,87073,103
169,16.9,1,1,1,18677,105,0,87073,103
170,17,1,1,1,19147,106,0,88061,104
171,17.1,1,1,1,19147,106,0,88061,104
172,17.2,1,1,1,19513,107,0,88837,105
173,17.3,1,1,1,19513,107,0,88837,105
174,17.4,1,1,1,19914,108,0,89696,106
175,17.5,1,1,1,19914,108,0,89696,106
176,17.6,1,1,1,20412,109,0,90738,107
177,17.7,1,1,1,20412,109,0,90738,107
178,17.8,1,1,1,20893,110,0,91756,108
179,17.9,1,1,1,20893,110,0,91756,108
180,18,1,1,1,21294,111,0,92618,109
181,18.1,1,1,1,21294,111,0,92618,109
182,18.2,1,1,1,21703,112,0,93498,110
183,18.3,1,1,1,21703,112,0,93498,110
184,18.4,1,1,1,22019,113,0,94203,111
185,18.5,1,1,1,22019,113,0,94203,111
186,18.6,1,1,1,22338,114,0,94925,112
187,18.7,1,1,1,22338,114,0,94925,112
188,18.8,1,1,1,22666,115,0,95661,113
189,18.9,1,1,1,22666,115,0,95661,113
190,19,1,1,1,23026,116,0,96454,114
191,19.1,1,1,1,23026,116,0,96454,114
192,19.2,1,1,1,23314,117,0,97116,115
193,19.3,1,1,1,23314,117,0,97116,115
194,19.4,1,1,1,23528,118,0,97607,116
195,19.5,1,1,1,23528,118,0,97607,116
196,19.6,1,1,1,23756,119,0,98157,117
197,19.7,1,1,1,23756,119,0,98157,117
198,19.8,1,1,1,18875,120,0,98836,118
199,19.9,1,1,1,18875,120,0,98836,118
200,20,1,1,1,19190,121,0,99497,119
201,20.1,1,1,1,19190,121,0,99497,119
202,20.2,1,1,1,19558,122,0,100245,120
203,20.3,1,1,1,19558,122,0,100245,120
204,20.4,1,1,1,19956,123,0,101052,121
205,20.5,1,1,1,19956,123,0,101052,121
206,20.6,1,1,1,20376,124,0,101908,122
207,20.7,1,1,1,20376,124,0,101908,122
208,20.8,1,1,1,20800,125,0,102789,123
209,20.9,1,1,1,20800,125,0,102789,123
210,21,1,1,1,21229,126,0,103706,124
211,21.1,1,1,1,21229,126,0,103706,124
212,21.2,1,1,1,21229,126,0,103706,124
213,21.3,1,1,1,21528,127,0,104360,125
214,21.4,1,1,1,21528,127,0,104360,125
215,21.5,1,1,1,21811,128,0,105016,126
216,21.6,1,1,1,21811,128,0,105016,126
217,21.7,1,1,1,21811,128,0,105016,126
218,21.8,1,1,1,22085,129,0,105646,127
219,21.9,1,1,1,22085,129,0,105646,127
220,22,1,1,1,22419,130,0,106453,128
221,22.1,1,1,1,22419,130,0,106453,128
222,22.2,1,1,1,22751,131,0,107272,129
223,22.3,1,1,1,22751,131,0,107272,129
224,22.4,1,1,1,23091,132,0,108075,130
225,22.5,1,1,1,23091,132,0,108075,130
226,22.6,1,1,1,23373,133,0,108728,131
227,22.7,1,1,1,23373,133,0,108728,131
228,22.8,1,1,1,23701,134,0,109482,132
229,22.9,1,1,1,23701,134,0,109482,132
230,23,1,1,1,24023,135,0,110195,133
231,23.1,1,1,1,24023,135,0,110195,133
232,23.2,1,1,1,24411,136,0,111089,134
233,23.3,1,1,1,24411,136,0,111089,134
234,23.4,1,1,1,24768,137,0,111899,135
235,23.5,1,1,1,24768,137,0,111899,135
236,23.6,1,1,1,25080,138,0,112612,136
237,23.7,1,1,1,25080,138,0,112612,136
238,23.8,1,1,1,25415,139,0,113392,137
239,23.9,1,1,1,25415,139,0,113392,137
240,24,1,1,1,21655,140,0,114107,138
241,24.1,1,1,1,21655,140,0,114107,138
242,24.2,1,1,1,22024,141,0,114963,139
243,24.3,1,1,1,22024,141,0,114963,139
244,24.4,1,1,1,22423,142,0,115865,140
245,24.5,1,1,1,22423,142,0,115865,140
246,24.6,1,1,1,22805,143,0,116695,141
247,24.7,1,1,1,22805,143,0,116695,141
248,24.8,1,1,1,23199,144,0,117564,142
249,24.9,1,1,1,23199,144,0,117564,142
250,25,1,1,1,23582,145,0,118420,143
251,25.1,1,1,1,23582,145,0,118420,143
252,25.2,1,1,1,24002,146,0,119348,144
253,25.3,1,1,1,24002,146,0,119348,144
254,25.4,1,1,1,24471,147,0,120367,145
255,25.5,1,1,1,24471,147,0,120367,145
256,25.6,1,1,1,24896,148,0,121283,146
257,25.7,1,1,1,24896,148,0,121283,146
258,25.8,1,1,1,25310,149,0,122204,147
259,25.9,1,1,1,25310,149,0,122204,147
260,26,1,1,1,25710,150,0,123066,148
261,26.1,1,1,1,25710,150,0,123066,148
262,26.2,1,1,1,26113,151,0,123966,149
263,26.3,1,1,1,26113,151,0,123966,149
264,26.4,1,1,1,26559,152,0,124936,150
265,26.5,1,1,1,26559,152,0,124936,150
266,26.6,1,1,1,27114,153,0,126118,151
267,26.7,1,1,1,27114,153,0,126118,151
268,26.8,1,1,1,27606,154,0,127153,152
269,26.9,1,1,1,27606,154,0,127153,152
270,27,1,1,1,28136,155,0,128261,152
271,27.1,1,1,1,28136,155,0,128261,152
272,27.2,1,1,1,28556,156,0,129136,152
273,27.3,1,1,1,28556,156,0,129136,152
274,27.4,1,1,1,29009,157,0,130094,153
275,27.5,1,1,1,29009,157,0,130094,153
276,27.6,1,1,1,29462,158,0,131056,154
277,27.7,1,1,1,29462,158,0,131056,154
278,27.8,1,1,1,29917,159,0,132023,155
279,27.9,1,1,1,29917,159,0,132023,155
280,28,1,1,1,25410,160,0,133060,156
281,28.1,1,1,1,25410,160,0,133060,156
282,28.2,1,1,1,25911,161,0,134108,157
283,28.3,1,1,1,25911,161,0,134108,157
284,28.4,1,1,1,26369,162,0,135063,158
285,28.5,1,1,1,26369,162,0,135063,158
286,28.6,1,1,1,26827,163,0,136012,159
287,28.7,1,1,1,26827,163,0,136012,159
288,28.8,1,1,1,27338,164,0,137091,160
289,28.9,1,1,1,27338,164,0,137091,160
290,29,1,1,1,27842,165,0,138136,161
291,29.1,1,1,1,27842,165,0,138136,161
292,29.2,1,1,1,28280,166,0,139070,162
293,29.3,1,1,1,28280,166,0,139070,162
294,29.4,1,1,1,28668,167,0,139928,163
295,29.5,1,1,1,28668,167,0,139928,163
296,29.6,1,1,1,29060,168,0,140797,164
297,29.7,1,1,1,29060,168,0,140797,164
298,29.8,1,1,1,29533,169,0,141808,165
299,29.9,1,1,1,29533,169,0,141808,165
300,30,1,1,1,30046,170,0,142891,166
301,30.1,1,1,1,30046,170,0,142891,166
302,30.2,1,1,1,30545,171,0,143941,167
303,30.3,1,1,1,30545,171,0,143941,167
304,30.4,1,1,1,31070,172,0,145045,168
305,30.5,1,1,1,31070,172,0,145045,168
306,30.6,1,1,1,31540,173,0,146034,169
307,30.7,1,1,1,31540,173,0,146034,169
308,30.8,1,1,1,32091,174,0,147161,170
309,30.9,1,1,1,32091,174,0,147161,170
310,31,1,1,1,32583,175,0,148183,171
311,31.1,1,1,1,32583,175,0,148183,171
312,31.2,1,1,1,33073,176,0,149211,172
313,31.3,1,1,1,33073,176,0,149211,172
314,31.4,1,1,1,33504,177,0,150099,173
315,31.5,1,1,1,33504,177,0,150099,173
316,31.6,1,1,1,33998,178,0,151126,174
317,31.7,1,1,1,33998,178,0,151126,174
318,31.8,1,1,1,34478,179,0,152115,175
319,31.9,1,1,1,34478,179,0,152115,175
320,32,1,1,1,28644,180,0,153004,176
321,32.1,1,1,1,28644,180,0,153004,176
322,32.2,1,1,1,29026,181,0,153818,177
323,32.3,1,1,1,29026,181,0,153818,177
324,32.4,1,1,1,29410,182,0,154635,178
325,32.5,1,1,1,29410,182,0,154635,178
326,32.6,1,1,1,29852,183,0,155580,179
327,32.7,1,1,1,29852,183,0,155580,179
328,32.8,1,1,1,30263,184,0,156463,180
329,32.9,1,1,1,30263,184,0,156463,180
330,33,1,1,1,30767,185,0,157523,181
331,33.1,1,1,1,30767,185,0,157523,181
332,33.2,1,1,1,31228,186,0,158492,182
333,33.3,1,1,1,31228,186,0,158492,182
334,33.4,1,1,1,31674,187,0,159445,183
335,33.5,1,1,1,31674,187,0,159445,183
336,33.6,1,1,1,32169,188,0,160490,184
337,33.7,1,1,1,32169,188,0,160490,184
338,33.8,1,1,1,32572,189,0,161350,185
339,33.9,1,1,1,32572,189,0,161350,185
340,34,1,1,1,32863,190,0,161975,186
341,34.1,1,1,1,32863,190,0,161975,186
342,34.2,1,1,1,33138,191,0,162567,187
343,34.3,1,1,1,33138,191,0,162567,187
344,34.4,1,1,1,33522,192,0,163402,188
345,34.5,1,1,1,33522,192,0,163402,188
346,34.6,1,1,1,33938,193,0,164312,189
347,34.7,1,1,1,33938,193,0,164312,189
348,34.8,1,1,1,34427,194,0,165333,190
349,34.9,1,1,1,34427,194,0,165333,190
350,35,1,1,1,34985,195,0,166492,191
351,35.1,1,1,1,34985,195,0,166492,191
352,35.2,1,1,1,35462,196,0,167486,191
353,35.3,1,1,1,35462,196,0,167486,191
354,35.4,1,1,1,35917,197,0,168450,192
355,35.5,1,1,1,35917,197,0,168450,192
356,35.6,1,1,1,36430,198,0,169546,193
357,35.7,1,1,1,36430,198,0,169546,193
358,35.8,1,1,1,36920,199,0,170589,194
359,35.9,1,1,1,36920,199,0,170589,194
360,36,1,1,1,31802,200,0,171688,195
361,36.1,1,1,1,31802,200,0,171688,195
362,36.2,1,1,1,32299,201,0,172751,196
363,36.3,1,1,1,32299,201,0,172751,196
364,36.4,1,1,1,32791,202,0,173796,197
365,36.5,1,1,1,32791,202,0,173796,197
366,36.6,1,1,1,33296,203,0,174876,198
367,36.7,1,1,1,33296,203,0,174876,198
368,36.8,1,1,1,33787,204,0,175913,199
369,36.9,1,1,1,33787,204,0,175913,199
370,37,1,1,1,34264,205,0,176948,200
371,37.1,1,1,1,34264,205,0,176948,200
372,37.2,1,1,1,34692,206,0,177890,201
373,37.3,1,1,1,34692,206,0,177890,201
374,37.4,1,1,1,35177,207,0,178941,202
375,37.5,1,1,1,35177,207,0,178941,202
376,37.6,1,1,1,35632,208,0,179930,203
377,37.7,1,1,1,35632,208,0,179930,203
378,37.8,1,1,1,36132,209,0,180997,204
379,37.9,1,1,1,36132,209,0,180997,204
380,38,1,1,1,36640,210,0,182102,205
381,38.1,1,1,1,36640,210,0,182102,205
382,38.2,1,1,1,37205,211,0,183316,206
383,38.3,1,1,1,37205,211,0,183316,206
384,38.4,1,1,1,37617,212,0,184211,207
385,38.5,1,1,1,37617,212,0,184211,207
386,38.6,1,1,1,38098,213,0,185247,208
387,38.7,1,1,1,38098,213,0,185247,208
388,38.8,1,1,1,38582,214,0,186287,209
389,38.9,1,1,1,38582,214,0,186287,209
390,39,1,1,1,39060,215,0,187317,210
391,39.1,1,1,1,39060,215,0,187317,210
392,39.2,1,1,1,39442,216,0,188164,211
393,39.3,1,1,1,39442,216,0,188164,211
394,39.4,1,1,1,39878,217,0,189129,212
395,39.5,1,1,1,39878,217,0,189129,212
396,39.6,1,1,1,40365,218,0,190181,213
397,39.7,1,1,1,40365,218,0,190181,213
398,39.8,1,1,1,40809,219,0,191165,214
399,39.9,1,1,1,40809,219,0,191165,214
400,40,1,1,1,35494,220,0,192124,215
401,40.1,1,1,1,35494,220,0,192124,215
402,40.2,1,1,1,35932,221,0,193119,216
403,40.3,1,1,1,35932,221,0,193119,216
404,40.4,1,1,1,36364,222,0,194061,217
405,40.5,1,1,1,36364,222,0,194061,217
406,40.6,1,1,1,36778,223,0,194988,218
407,40.7,1,1,1,36778,223,0,194988,218
408,40.8,1,1,1,37189,224,0,195891,219
409,40.9,1,1,1,37189,224,0,195891,219
410,41,1,1,1,37645,225,0,196880,220
411,41.1,1,1,1,37645,225,0,196880,220
412,41.2,1,1,1,38120,226,0,197889,221
413,41.3,1,1,1,38120,226,0,197889,221
414,41.4,1,1,1,38120,226,0,197889,221
415,41.5,1,1,1,38691,227,0,199062,222
416,41.6,1,1,1,38691,227,0,199062,222
417,41.7,1,1,1,38691,227,0,199062,222
418,41.8,1,1,1,39304,228,0,200311,222
419,41.9,1,1,1,39304,228,0,200311,222
420,42,1,1,1,39304,228,0,200311,222
421,42.1,1,1,1,39939,229,0,201590,222
422,42.2,1,1,1,39939,229,0,201590,222
423,42.3,1,1,1,39939,229,0,201590,222
424,42.4,1,1,1,40533,230,0,202789,223
425,42.5,1,1,1,40533,230,0,202789,223
426,42.6,1,1,1,40533,230,0,202789,223
427,42.7,1,1,1,40959,231,0,203689,224
428,42.8,1,1,1,40959,231,0,203689,224
429,42.9,1,1,1,40959,231,0,203689,224
430,43,1,1,1,41355,232,0,204518,225
431,43.1,1,1,1,41355,232,0,204518,225
432,43.2,1,1,1,41766,233,0,205415,226
433,43.3,1,1,1,41766,233,0,205415,226
434,43.4,1,1,1,41766,233,0,205415,226
435,43.5,1,1,1,42166,234,0,206263,227
436,43.6,1,1,1,42166,234,0,206263,227
437,43.7,1,1,1,42505,235,0,207006,228
438,43.8,1,1,1,42505,235,0,207006,228
439,43.9,1,1,1,42759,236,0,207577,229
440,44,1,1,1,42759,236,0,207577,229
441,44.1,1,1,1,42997,237,0,208141,230
442,44.2,1,1,1,42997,237,0,208141,230
443,44.3,1,1,1,43424,238,0,209091,231
444,44.4,1,1,1,43424,238,0,209091,231
445,44.5,1,1,1,43864,239,0,210056,232
446,44.6,1,1,1,43864,239,0,210056,232
447,44.7,1,1,1,38738,240,0,211040,233
448,44.8,1,1,1,38738,240,0,211040,233
449,44.9,1,1,1,39186,241,0,212013,234
450,45,1,1,1,39186,241,0,212013,234
451,45.1,1,1,1,39680,242,0,213070,235
452,45.2,1,1,1,39680,242,0,213070,235
453,45.3,1,1,1,40231,243,0,214229,236
454,45.4,1,1,1,40231,243,0,214229,236
455,45.5,1,1,1,40810,244,0,215425,237
456,45.6,1,1,1,40810,244,0,215425,237
457,45.7,1,1,1,41380,245,0,216607,238
458,45.8,1,1,1,41380,245,0,216607,238
459,45.9,1,1,1,41790,246,0,217459,239
460,46,1,1,1,41790,246,0,217459,239
461,46.1,1,1,1,42185,247,0,218295,240
462,46.2,1,1,1,42607,248,0,219209,241
463,46.3,1,1,1,42607,248,0,219209,241
464,46.4,1,1,1,43077,249,0,220185,242
465,46.5,1,1,1,43077,249,0,220185,242
466,46.6,1,1,1,43542,250,0,221175,243
467,46.7,1,1,1,43924,251,0,222000,244
468,46.8,1,1,1,43924,251,0,222000,244
469,46.9,1,1,1,44336,252,0,222870,245
470,47,1,1,1,44757,253,0,223775,245
471,47.1,1,1,1,44757,253,0,223775,245
472,47.2,1,1,1,45314,254,0,224922,245
473,47.3,1,1,1,45314,254,0,224922,245
474,47.4,1,1,1,45738,255,0,225809,245
475,47.5,1,1,1,45738,255,0,225809,245
476,47.6,1,1,1,46156,256,0,226680,245
477,47.7,1,1,1,46156,256,0,226680,245
478,47.8,1,1,1,46508,257,0,227429,246
479,47.9,1,1,1,46508,257,0,227429,246
480,48,1,1,1,46866,258,0,228204,247
481,48.1,1,1,1,46866,258,0,228204,247
482,48.2,1,1,1,47192,259,0,228898,248
483,48.3,1,1,1,47192,259,0,228898,248
484,48.4,1,1,1,41309,260,0,229584,249
485,48.5,1,1,1,41309,260,0,229584,249
486,48.6,1,1,1,41590,261,0,230208,250
487,48.7,1,1,1,41590,261,0,230208,250
488,48.8,1,1,1,41913,262,0,230911,251
489,48.9,1,1,1,41913,262,0,230911,251
490,49,1,1,1,42237,263,0,231615,252
491,49.1,1,1,1,42237,263,0,231615,252
492,49.2,1,1,1,42485,264,0,232162,253
493,49.3,1,1,1,42485,264,0,232162,253
494,49.4,1,1,1,42692,265,0,232621,254
495,49.5,1,1,1,42692,265,0,232621,254
496,49.6,1,1,1,42875,266,0,233028,255
497,49.7,1,1,1,42875,266,0,233028,255
498,49.8,1,1,1,43168,267,0,233690,256
499,49.9,1,1,1,43168,267,0,233690,256
500,50,1,1,1,43476,268,0,234375,257
501,50.1,1,1,1,43476,268,0,234375,257
502,50.2,1,1,1,43876,269,0,235217,258
503,50.3,1,1,1,43876,269,0,235217,258
504,50.4,1,1,1,44262,270,0,236036,259
505,50.5,1,1,1,44262,270,0,236036,259
506,50.6,1,1,1,44658,271,0,236872,260
507,50.7,1,1,1,44658,271,0,236872,260
508,50.8,1,1,1,45049,272,0,237683,261
509,50.9,1,1,1,45049,272,0,237683,261
510,51,1,1,1,45406,273,0,238446,262
511,51.1,1,1,1,45406,273,0,238446,262
512,51.2,1,1,1,45758,274,0,239187,263
513,51.3,1,1,1,45758,274,0,239187,263
514,51.4,1,1,1,46156,275,0,240033,264
515,51.5,1,1,1,46156,275,0,240033,264
516,51.6,1,1,1,46564,276,0,240885,265
517,51.7,1,1,1,46564,276,0,240885,265
518,51.8,1,1,1,46935,277,0,241661,266
519,51.9,1,1,1,46935,277,0,241661,266
520,52,1,1,1,47432,278,0,242682,267
521,52.1,1,1,1,47432,278,0,242682,267
522,52.2,1,1,1,47432,278,0,242682,267
523,52.3,1,1,1,47918,279,0,243693,268
524,52.4,1,1,1,47918,279,0,243693,268
525,52.5,1,1,1,47918,279,0,243693,268
526,52.6,1,1,1,44049,280,0,244684,269
527,52.7,1,1,1,44049,280,0,244684,269
528,52.8,1,1,1,44049,280,0,244684,269
529,52.9,1,1,1,44437,281,0,245493,270
530,53,1,1,1,44437,281,0,245493,270
531,53.1,1,1,1,44437,281,0,245493,270
532,53.2,1,1,1,44437,281,0,245493,270
533,53.3,1,1,1,44884,282,0,246427,271
534,53.4,1,1,1,44884,282,0,246427,271
535,53.5,1,1,1,44884,282,0,246427,271
536,53.6,1,1,1,44884,282,0,246427,271
537,53.7,1,1,1,44884,282,0,246427,271
538,53.8,1,1,1,44884,282,0,246427,271
539,53.9,1,1,1,44884,282,0,246427,271
540,54,1,1,1,44884,282,0,246427,271
541,54.1,1,1,1,44884,282,0,246427,271
542,54.2,1,1,1,44884,282,0,246427,271
543,54.3,1,1,1,44884,282,0,246427,271
544,54.4,1,1,1,44884,282,0,246427,271
545,54.5,1,1,1,44884,282,0,246427,271
546,54.6,1,1,1,44884,282,0,246427,271
547,54.7,1,1,1,44884,282,0,246427,271
548,54.8,1,1,1,45320,283,0,247325,272
549,54.9,1,1,1,45320,283,0,247325,272
550,55,1,1,1,45320,283,0,247325,272
551,55.1,1,1,1,45320,283,0,247325,272
552,55.2,1,1,1,45320,283,0,247325,272
553,55.3,1,1,1,45320,283,0,247325,272
554,55.4,1,1,1,45320,283,0,247325,272
555,55.5,1,1,1,45320,283,0,247325,272
556,55.6,1,1,1,45320,283,0,247325,272
557,55.7,1,1,1,45320,283,0,247325,272
558,55.8,1,1,1,45320,283,0,247325,272
559,55.9,1,1,1,45320,283,0,247325,272
560,56,1,1,1,45320,283,0,247325,272
561,56.1,1,1,1,45320,283,0,247325,272
562,56.2,1,1,1,45320,283,0,247325,272
563,56.3,1,1,1,45731,284,0,248183,273
564,56.4,1,1,1,45731,284,0,248183,273
565,56.5,1,1,1,45731,284,0,248183,273
566,56.6,1,1,1,45731,284,0,248183,273
567,56.7,1,1,1,45731,284,0,248183,273
568,56.8,1,1,1,45731,284,0,248183,273
569,56.9,1,1,1,46194,285,0,249133,274
570,57,1,1,1,46194,285,0,249133,274
571,57.1,1,1,1,46194,285,0,249133,274
572,57.2,1,1,1,46194,285,0,249133,274
573,57.3,1,1,1,46696,286,0,250158,275
574,57.4,1,1,1,46696,286,0,250158,275
575,57.5,1,1,1,46696,286,0,250158,275
576,57.6,1,1,1,46696,286,0,250158,275
577,57.7,1,1,1,47207,287,0,251186,276
578,57.8,1,1,1,47207,287,0,251186,276
579,57.9,1,1,1,47207,287,0,251186,276
580,58,1,1,1,47724,288,0,252230,277
581,58.1,1,1,1,47724,288,0,252230,277
582,58.2,1,1,1,47724,288,0,252230,277
583,58.3,1,1,1,48177,289,0,253147,278
584,58.4,1,1,1,48177,289,0,253147,278
585,58.5,1,1,1,48177,289,0,253147,278
586,58.6,1,1,1,48519,290,0,253871,279
587,58.7,1,1,1,48519,290,0,253871,279
588,58.8,1,1,1,48519,290,0,253871,279
589,58.9,1,1,1,48845,291,0,254594,280
590,59,1,1,1,48845,291,0,254594,280
591,59.1,1,1,1,49223,292,0,255450,281
592,59.2,1,1,1,49223,292,0,255450,281
593,59.3,1,1,1,49526,293,0,256114,282
594,59.4,1,1,1,49526,293,0,256114,282
595,59.5,1,1,1,49864,294,0,256868,283
596,59.6,1,1,1,49864,294,0,256868,283
597,59.7,1,1,1,50200,295,0,257596,284
598,59.8,1,1,1,50200,295,0,257596,284
599,59.9,1,1,1,50556,296,0,258395,285
600,60,1,1,1,50556,296,0,258395,285
601,60.1,1,1,1,50830,297,0,259007,286
602,60.2,1,1,1,50830,297,0,259007,286
603,60.3,1,1,1,51175,298,0,259766,287
604,60.4,1,1,1,51175,298,0,259766,287
605,60.5,1,1,1,51546,299,0,260583,288
606,60.6,1,1,1,51546,299,0,260583,288
607,60.7,1,1,1,47130,300,0,261431,289
608,60.8,1,1,1,47130,300,0,261431,289
609,60.9,1,1,1,47542,301,0,262334,290
610,61,1,1,1,47542,301,0,262334,290
611,61.1,1,1,1,47968,302,0,263264,291
612,61.2,1,1,1,47968,302,0,263264,291
613,61.3,1,1,1,48452,303,0,264298,292
614,61.4,1,1,1,48452,303,0,264298,292
615,61.5,1,1,1,48984,304,0,265411,293
616,61.6,1,1,1,48984,304,0,265411,293
617,61.7,1,1,1,49511,305,0,266500,294
618,61.8,1,1,1,49940,306,0,267434,295
619,61.9,1,1,1,50371,307,0,268356,296
620,62,1,1,1,50833,308,0,269343,297
621,62.1,1,1,1,51297,309,0,270335,298
622,62.2,1,1,1,51772,310,0,271340,299
623,62.3,1,1,1,52210,311,0,272269,300
624,62.4,1,1,1,52636,312,0,273171,301
625,62.5,1,1,1,53107,313,0,274167,302
626,62.6,1,1,1,53596,314,0,275220,303
627,62.7,1,1,1,54065,315,0,276214,304
628,62.8,1,1,1,54490,316,0,277134,305
629,62.9,1,1,1,54897,317,0,278011,306
630,63,1,1,1,55218,318,0,278709,307
631,63.1,1,1,1,55594,319,0,279530,308
632,63.2,1,1,1,50406,320,0,280288,309
633,63.3,1,1,1,50695,321,0,280920,310
634,63.4,1,1,1,51078,322,0,281753,311
635,63.5,1,1,1,51416,323,0,282474,312
636,63.6,1,1,1,51784,324,0,283272,313
637,63.7,1,1,1,52216,325,0,284191,314
638,63.8,1,1,1,52681,326,0,285169,315
639,63.9,1,1,1,53100,327,0,286060,315
640,64,1,1,1,53481,328,0,286878,315
641,64.1,1,1,1,53899,329,0,287776,315
642,64.2,1,1,1,54283,330,0,288607,315
643,64.3,1,1,1,54621,331,0,289351,315
644,64.4,1,1,1,54939,332,0,290048,316
645,64.5,1,1,1,55244,333,0,290713,317
646,64.6,1,1,1,55537,334,0,291364,318
647,64.7,1,1,1,55886,335,0,292151,319
648,64.8,1,1,1,56197,336,0,292840,320
649,64.9,1,1,1,56456,337,0,293420,321
650,65,1,1,1,56741,338,0,294058,322
651,65.1,1,1,1,57105,339,0,294835,323
652,65.2,1,1,1,53298,340,0,295615,324
653,65.3,1,1,1,53655,341,0,296394,325
654,65.4,1,1,1,53999,342,0,297138,326
655,65.5,1,1,1,54332,343,0,297875,327
656,65.6,1,1,1,54704,344,0,298678,328
657,65.7,1,1,1,55114,345,0,299563,329
658,65.8,1,1,1,55506,346,0,300394,330
659,65.9,1,1,1,55910,347,0,301259,331
660,66,1,1,1,56277,348,0,302049,332
661,66.1,1,1,1,56637,349,0,302824,333
662,66.2,1,1,1,56951,350,0,303488,334
663,66.3,1,1,1,57281,351,0,304194,335
664,66.4,1,1,1,57581,352,0,304832,336
665,66.5,1,1,1,57840,353,0,305400,337
666,66.6,1,1,1,58131,354,0,306051,338
667,66.7,1,1,1,58444,355,0,306714,339
668,66.8,1,1,1,58728,356,0,307332,340
669,66.9,1,1,1,59017,357,0,307972,341
670,67,1,1,1,59333,358,0,308669,342
671,67.1,1,1,1,59725,359,0,309533,343
672,67.2,1,1,1,56186,360,0,310490,344
673,67.3,1,1,1,56617,361,0,311428,345
674,67.4,1,1,1,57032,362,0,312327,346
675,67.5,1,1,1,57449,363,0,313239,347
676,67.6,1,1,1,57874,364,0,314175,348
677,67.7,1,1,1,58301,365,0,315100,349
678,67.8,1,1,1,58729,366,0,316031,350
679,67.9,1,1,1,59162,367,0,316948,351
680,68,1,1,1,59578,368,0,317838,352
681,68.1,1,1,1,60000,369,0,318720,353
682,68.2,1,1,1,7637,370,0,319579,354
683,68.3,1,1,1,8068,371,0,320498,355
684,68.4,1,1,1,8504,372,0,321436,356
685,68.5,1,1,1,8901,373,0,322266,357
686,68.6,1,1,1,9312,374,0,323129,358
687,68.7,1,1,1,9763,375,0,324089,359
688,68.8,1,1,1,10188,376,0,324978,360
689,68.9,1,1,1,10537,377,0,325724,361
690,69,1,1,1,10860,378,0,326426,362
691,69.1,1,1,1,11133,379,0,327024,363
692,69.2,1,1,1,6279,380,0,327679,364
693,69.3,1,1,1,6583,381,0,328362,365
694,69.4,1,1,1,6922,382,0,329101,366
695,69.5,1,1,1,7247,383,0,329838,367
696,69.6,1,1,1,7525,384,0,330485,368
697,69.7,1,1,1,7865,385,0,331279,369
698,69.8,1,1,1,8190,386,0,332056,370
699,69.9,1,1,1,8529,387,0,332830,371
700,70,1,1,1,8954,388,0,333800,372
701,70.1,1,1,1,9319,389,0,334641,373
702,70.2,1,1,1,9319,389,0,334641,373
703,70.3,1,1,1,9730,390,0,335526,374
704,70.4,1,1,1,9730,390,0,335526,374
705,70.5,1,1,1,10139,391,0,336424,375
706,70.6,1,1,1,10139,391,0,336424,375
707,70.7,1,1,1,10592,392,0,337394,376
708,70.8,1,1,1,10592,392,0,337394,376
709,70.9,1,1,1,11108,393,0,338494,377
710,71,1,1,1,11108,393,0,338494,377
711,71.1,1,1,1,11592,394,0,339530,378
712,71.2,1,1,1,11592,394,0,339530,378
713,71.3,1,1,1,12104,395,0,340617,379
714,71.4,1,1,1,12104,395,0,340617,379
715,71.5,1,1,1,12619,396,0,341707,380
716,71.6,1,1,1,12619,396,0,341707,380
717,71.7,1,1,1,13095,397,0,342701,381
718,71.8,1,1,1,13095,397,0,342701,381
719,71.9,1,1,1,13655,398,0,343864,382
720,72,1,1,1,13655,398,0,343864,382
721,72.1,1,1,1,14162,399,0,344932,383
722,72.2,1,1,1,14162,399,0,344932,383
723,72.3,1,1,1,10051,400,0,345912,384
724,72.4,1,1,1,10051,400,0,345912,384
725,72.5,1,1,1,10500,401,0,346861,385
726,72.6,1,1,1,10500,401,0,346861,385
727,72.7,1,1,1,10500,401,0,346861,385
728,72.8,1,1,1,10965,402,0,347850,386
729,72.9,1,1,1,10965,402,0,347850,386
730,73,1,1,1,10965,402,0,347850,386
731,73.1,1,1,1,11448,403,0,348889,387
732,73.2,1,1,1,11448,403,0,348889,387
733,73.3,1,1,1,11448,403,0,348889,387
734,73.4,1,1,1,11921,404,0,349887,388
735,73.5,1,1,1,11921,404,0,349887,388
736,73.6,1,1,1,11921,404,0,349887,388
737,73.7,1,1,1,12407,405,0,350892,389
738,73.8,1,1,1,12407,405,0,350892,389
739,73.9,1,1,1,12407,405,0,350892,389
740,74,1,1,1,12963,406,0,352011,390
741,74.1,1,1,1,12963,406,0,352011,390
742,74.2,1,1,1,13434,407,0,352961,391
743,74.3,1,1,1,13434,407,0,352961,391
744,74.4,1,1,1,13952,408,0,354019,392
745,74.5,1,1,1,13952,408,0,354019,392
746,74.6,1,1,1,14420,409,0,354984,393
747,74.7,1,1,1,14420,409,0,354984,393
748,74.8,1,1,1,14914,410,0,355989,394
749,74.9,1,1,1,14914,410,0,355989,394
750,75,1,1,1,15445,411,0,357076,395
751,75.1,1,1,1,15445,411,0,357076,395
752,75.2,1,1,1,15884,412,0,358000,396
753,75.3,1,1,1,15884,412,0,358000,396
754,75.4,1,1,1,16399,413,0,359060,397
755,75.5,1,1,1,16399,413,0,359060,397
756,75.6,1,1,1,16901,414,0,360109,398
757,75.7,1,1,1,16901,414,0,360109,398
758,75.8,1,1,1,17308,415,0,360982,399
759,75.9,1,1,1,17308,415,0,360982,399
760,76,1,1,1,17762,416,0,361928,400
761,76.1,1,1,1,17762,416,0,361928,400
762,76.2,1,1,1,18180,417,0,362819,401
763,76.3,1,1,1,18180,417,0,362819,401
764,76.4,1,1,1,18576,418,0,363638,402
765,76.5,1,1,1,18576,418,0,363638,402
766,76.6,1,1,1,19017,419,0,364564,403
767,76.7,1,1,1,19017,419,0,364564,403
768,76.8,1,1,1,12656,420,0,365238,404
769,76.9,1,1,1,12656,420,0,365238,404
770,77,1,1,1,12944,421,0,365858,405
771,77.1,1,1,1,12944,421,0,365858,405
772,77.2,1,1,1,13315,422,0,366639,406
773,77.3,1,1,1,13315,422,0,366639,406
774,77.4,1,1,1,13793,423,0,367629,407
775,77.5,1,1,1,13793,423,0,367629,407
776,77.6,1,1,1,14142,424,0,368354,408
777,77.7,1,1,1,14142,424,0,368354,408
778,77.8,1,1,1,14531,425,0,369194,409
779,77.9,1,1,1,14798,426,0,369797,410
780,78,1,1,1,15160,427,0,370620,410
781,78.1,1,1,1,15488,428,0,371363,410
782,78.2,1,1,1,15815,429,0,372083,410
783,78.3,1,1,1,16123,430,0,372773,410
784,78.4,1,1,1,16458,431,0,373513,410
785,78.5,1,1,1,16768,432,0,374196,411
786,78.6,1,1,1,17091,433,0,374924,412
787,78.7,1,1,1,17393,434,0,375600,413
788,78.8,1,1,1,17636,435,0,376154,414
789,78.9,1,1,1,17636,435,0,376154,414
790,79,1,1,1,17947,436,0,376818,415
791,79.1,1,1,1,18268,437,0,377517,416
792,79.2,1,1,1,18608,438,0,378257,417
793,79.3,1,1,1,19002,439,0,379113,418
794,79.4,1,1,1,15055,440,0,379802,419
795,79.5,1,1,1,15055,440,0,379802,419
796,79.6,1,1,1,15456,441,0,380655,420
797,79.7,1,1,1,15754,442,0,381322,421
798,79.8,1,1,1,16051,443,0,381982,422
799,79.9,1,1,1,16051,443,0,381982,422
800,80,1,1,1,16355,444,0,382643,423
801,80.1,1,1,1,16355,444,0,382643,423
802,80.2,1,1,1,16717,445,0,383432,424
803,80.3,1,1,1,16717,445,0,383432,424
804,80.4,1,1,1,17122,446,0,384302,425
805,80.5,1,1,1,17122,446,0,384302,425
806,80.6,1,1,1,17523,447,0,385165,426
807,80.7,1,1,1,17907,448,0,386055,427
808,80.8,1,1,1,17907,448,0,386055,427
809,80.9,1,1,1,18299,449,0,386904,428
810,81,1,1,1,18299,449,0,386904,428
811,81.1,1,1,1,18657,450,0,387715,429
812,81.2,1,1,1,18657,450,0,387715,429
813,81.3,1,1,1,18961,451,0,388417,430
814,81.4,1,1,1,18961,451,0,388417,430
815,81.5,1,1,1,19278,452,0,389154,431
816,81.6,1,1,1,19278,452,0,389154,431
817,81.7,1,1,1,19628,453,0,389968,432
818,81.8,1,1,1,19628,453,0,389968,432
819,81.9,1,1,1,19979,454,0,390767,433
820,82,1,1,1,19979,454,0,390767,433
821,82.1,1,1,1,20372,455,0,391626,434
822,82.2,1,1,1,20372,455,0,391626,434
823,82.3,1,1,1,20724,456,0,392398,435
824,82.4,1,1,1,20724,456,0,392398,435
825,82.5,1,1,1,21106,457,0,393234,436
826,82.6,1,1,1,21106,457,0,393234,436
827,82.7,1,1,1,21466,458,0,393992,437
828,82.8,1,1,1,21466,458,0,393992,437
829,82.9,1,1,1,21834,459,0,394780,438
830,83,1,1,1,21834,459,0,394780,438
831,83.1,1,1,1,17639,460,0,395562,439
832,83.2,1,1,1,17639,460,0,395562,439
833,83.3,1,1,1,17948,461,0,396219,440
834,83.4,1,1,1,17948,461,0,396219,440
835,83.5,1,1,1,18312,462,0,396989,441
836,83.6,1,1,1,18312,462,0,396989,441
837,83.7,1,1,1,18717,463,0,397839,442
838,83.8,1,1,1,18717,463,0,397839,442
839,83.9,1,1,1,19136,464,0,398722,443
840,84,1,1,1,19136,464,0,398722,443
841,84.1,1,1,1,19585,465,0,399673,444
842,84.2,1,1,1,19585,465,0,399673,444
843,84.3,1,1,1,20041,466,0,400627,445
844,84.4,1,1,1,20041,466,0,400627,445
845,84.5,1,1,1,20456,467,0,401495,446
846,84.6,1,1,1,20456,467,0,401495,446
847,84.7,1,1,1,20924,468,0,402503,447
848,84.8,1,1,1,20924,468,0,402503,447
849,84.9,1,1,1,21448,469,0,403619,448
850,85,1,1,1,21448,469,0,403619,448
851,85.1,1,1,1,22056,470,0,404862,449
852,85.2,1,1,1,22056,470,0,404862,449
853,85.3,1,1,1,22615,471,0,406011,450
854,85.4,1,1,1,22615,471,0,406011,450
855,85.5,1,1,1,23236,472,0,407294,451
856,85.6,1,1,1,23236,472,0,407294,451
857,85.7,1,1,1,23725,473,0,408308,452
858,85.8,1,1,1,23725,473,0,408308,452
859,85.9,1,1,1,24157,474,0,409233,453
860,86,1,1,1,24157,474,0,409233,453
861,86.1,1,1,1,24552,475,0,410089,454
862,86.2,1,1,1,24552,475,0,410089,454
863,86.3,1,1,1,24946,476,0,410929,455
864,86.4,1,1,1,24946,476,0,410929,455
865,86.5,1,1,1,25307,477,0,411702,456
866,86.6,1,1,1,25307,477,0,411702,456
867,86.7,1,1,1,25754,478,0,412685,457
868,86.8,1,1,1,26184,479,0,413612,458
869,86.9,1,1,1,20826,480,0,414666,459
870,87,1,1,1,20826,480,0,414666,459
871,87.1,1,1,1,21362,481,0,415762,460
872,87.2,1,1,1,21842,482,0,416762,461
873,87.3,1,1,1,22331,483,0,417767,462
874,87.4,1,1,1,22919,484,0,418970,463
875,87.5,1,1,1,23541,485,0,420248,464
876,87.6,1,1,1,24122,486,0,421434,465
877,87.7,1,1,1,24663,487,0,422546,466
878,87.8,1,1,1,25247,488,0,423735,467
879,87.9,1,1,1,25868,489,0,425013,468
880,88,1,1,1,26416,490,0,426138,469
881,88.1,1,1,1,26942,491,0,427200,470
882,88.2,1,1,1,27506,492,0,428358,471
883,88.3,1,1,1,28081,493,0,429529,472
884,88.4,1,1,1,28640,494,0,430660,473
885,88.5,1,1,1,29168,495,0,431731,474
886,88.6,1,1,1,29715,496,0,432837,475
887,88.7,1,1,1,30331,497,0,434103,476
888,88.8,1,1,1,30890,498,0,435242,477
889,88.9,1,1,1,31472,499,0,436422,478
890,89,1,1,1,23928,500,0,437293,479
891,89.1,1,1,1,24436,501,0,438334,480
892,89.2,1,1,1,24999,502,0,439492,481
893,89.3,1,1,1,25533,503,0,440585,482
894,89.4,1,1,1,26039,504,0,441629,483
895,89.5,1,1,1,26462,505,0,442493,484
896,89.6,1,1,1,26888,506,0,443370,485
897,89.7,1,1,1,27238,507,0,444091,486
898,89.8,1,1,1,27643,508,0,444918,487
899,89.9,1,1,1,27871,509,0,445414,488
900,90,1,1,1,27968,510,0,445652,489
901,90.1,1,1,1,27968,510,0,445652,489
902,90.2,1,1,1,28121,511,0,445996,490
903,90.3,1,1,1,28121,511,0,445996,490
904,90.4,1,1,1,28530,512,0,446861,491
905,90.5,1,1,1,28893,513,0,447651,492
906,90.6,1,1,1,29240,514,0,448385,493
907,90.7,1,1,1,29638,515,0,449228,494
908,90.8,1,1,1,30012,516,0,450029,495
909,90.9,1,1,1,30316,517,0,450694,496
910,91,1,1,1,30724,518,0,451576,497
911,91.1,1,1,1,31093,519,0,452374,498
912,91.2,1,1,1,26220,520,0,453288,499
913,91.3,1,1,1,26677,521,0,454267,500
914,91.4,1,1,1,27165,522,0,455284,501
915,91.5,1,1,1,27613,523,0,456232,502
916,91.6,1,1,1,28012,524,0,457089,503
917,91.7,1,1,1,28012,524,0,457089,503
918,91.8,1,1,1,28426,525,0,457948,504
919,91.9,1,1,1,28426,525,0,457948,504
920,92,1,1,1,28814,526,0,458771,505
921,92.1,1,1,1,28814,526,0,458771,505
922,92.2,1,1,1,29209,527,0,459610,506
923,92.3,1,1,1,29209,527,0,459610,506
924,92.4,1,1,1,29574,528,0,460376,507
925,92.5,1,1,1,29574,528,0,460376,507
926,92.6,1,1,1,29980,529,0,461245,508
927,92.7,1,1,1,29980,529,0,461245,508
928,92.8,1,1,1,30499,530,0,462330,509
929,92.9,1,1,1,30499,530,0,462330,509
930,93,1,1,1,30997,531,0,463356,510
931,93.1,1,1,1,30997,531,0,463356,510
932,93.2,1,1,1,31512,532,0,464441,511
933,93.3,1,1,1,31512,532,0,464441,511
934,93.4,1,1,1,31934,533,0,465312,512
935,93.5,1,1,1,31934,533,0,465312,512
936,93.6,1,1,1,32255,534,0,465998,513
937,93.7,1,1,1,32255,534,0,465998,513
938,93.8,1,1,1,32577,535,0,466681,514
939,93.9,1,1,1,32577,535,0,466681,514
940,94,1,1,1,32921,536,0,467386,515
941,94.1,1,1,1,32921,536,0,467386,515
942,94.2,1,1,1,33393,537,0,468345,516
943,94.3,1,1,1,33393,537,0,468345,516
944,94.4,1,1,1,33867,538,0,469330,517
945,94.5,1,1,1,33867,538,0,469330,517
946,94.6,1,1,1,34384,539,0,470402,518
947,94.7,1,1,1,34384,539,0,470402,518
948,94.8,1,1,1,28806,540,0,471431,519
949,94.9,1,1,1,28806,540,0,471431,519
950,95,1,1,1,29360,541,0,472573,520
951,95.1,1,1,1,29360,541,0,472573,520
952,95.2,1,1,1,29937,542,0,473743,521
953,95.3,1,1,1,29937,542,0,473743,521
954,95.4,1,1,1,30367,543,0,474614,522
955,95.5,1,1,1,30367,543,0,474614,522
956,95.6,1,1,1,30619,544,0,475141,523
957,95.7,1,1,1,30619,544,0,475141,523
958,95.8,1,1,1,31005,545,0,475950,524
959,95.9,1,1,1,31005,545,0,475950,524
960,96,1,1,1,31459,546,0,476893,525
961,96.1,1,1,1,31459,546,0,476893,525
962,96.2,1,1,1,31885,547,0,477773,526
963,96.3,1,1,1,31885,547,0,477773,526
964,96.4,1,1,1,32256,548,0,478558,527
965,96.5,1,1,1,32256,548,0,478558,527
966,96.6,1,1,1,32525,549,0,479133,528
967,96.7,1,1,1,32525,549,0,479133,528
968,96.8,1,1,1,32942,550,0,480015,529
969,96.9,1,1,1,32942,550,0,480015,529
970,97,1,1,1,33343,551,0,480859,530
971,97.1,1,1,1,33343,551,0,480859,530
972,97.2,1,1,1,33767,552,0,481737,531
973,97.3,1,1,1,33767,552,0,481737,531
974,97.4,1,1,1,34207,553,0,482650,532
975,97.5,1,1,1,34207,553,0,482650,532
976,97.6,1,1,1,34633,554,0,483527,533
977,97.7,1,1,1,34633,554,0,483527,533
978,97.8,1,1,1,35010,555,0,484312,534
979,97.9,1,1,1,35010,555,0,484312,534
980,98,1,1,1,35378,556,0,485095,535
981,98.1,1,1,1,35378,556,0,485095,535
982,98.2,1,1,1,35746,557,0,485881,536
983,98.3,1,1,1,35746,557,0,485881,536
984,98.4,1,1,1,36076,558,0,486564,537
985,98.5,1,1,1,36076,558,0,486564,537
986,98.6,1,1,1,36342,559,0,487139,538
987,98.7,1,1,1,30313,560,0,487644,539
988,98.8,1,1,1,30519,561,0,488106,540
989,98.9,1,1,1,30712,562,0,488544,541
990,99,1,1,1,30915,563,0,489019,542
991,99.1,1,1,1,31120,564,0,489475,543
992,99.2,1,1,1,31375,565,0,490052,544
993,99.3,1,1,1,31713,566,0,490781,545
994,99.4,1,1,1,32120,567,0,491656,545
995,99.5,1,1,1,32518,568,0,492518,545
996,99.6,1,1,1,32871,569,0,493268,546
997,99.7,1,1,1,33246,570,0,494067,547
998,99.8,1,1,1,33576,571,0,494768,548
999,99.9,1,1,1,33965,572,0,495579,549
